BubbleSort	1	0.000000
BubbleSort	10	0.000000
BubbleSort	100	0.000013
BubbleSort	1000	0.001160
BubbleSort	10000	0.119169
HeapSort	1	0.000001
HeapSort	10	0.000002
HeapSort	100	0.000015
HeapSort	1000	0.000199
HeapSort	10000	0.002616
StdSort	1	0.000017
StdSort	10	0.000001
StdSort	100	0.000005
StdSort	1000	0.000055
StdSort	10000	0.000615
